Brand,Name,Price,Milage,Engine Power
,,,,
TVS,TVS Apache RTR 160,Rs.1.18 - 1.25 Lakh*,,16.04 PS
TVS,TVS Raider,"Rs.85,973 - 99,990*",67 kmpl,11.38 PS
TVS,TVS Apache RTR 160 4V,Rs.1.22 - 1.45 Lakh*,47.61 kmpl,19.2 PS
TVS,TVS Apache RR 310,Rs.2.65 Lakh*,33.1 kmpl,34 PS
TVS,TVS NTORQ 125,"Rs.79,956 - 99,961*",54.33 kmpl,9.38 PS
TVS,Advertisement,Advertisement,,
TVS,Advertisement,Advertisement,,
TVS,TVS Ronin,Rs.1.49 - 1.71 Lakh*,42.95 kmpl,20.4 PS
TVS,TVS iQube Electric,Rs.1.61 - 1.61 Lakh*,,
TVS,TVS XL100,"Rs.45,241 - 56,360*",80 kmpl,4.35 PS
TVS,TVS Jupiter,"Rs.69,990 - 85,246*",64 kmpl,7.88 PS
TVS,TVS Apache RTR 180,Rs.1.31 Lakh*,,17.02 PS
TVS,TVS Apache RTR 200 4V,Rs.1.40 - 1.45 Lakh*,,20.82 PS
TVS,TVS Sport,"Rs.63,990 - 68,093*",,8.29 PS
TVS,TVS Radeon,"Rs.59,925 - 78,414*",73.68 kmpl,8.19 PS
TVS,TVS Jupiter 125,"Rs.82,825 - 89,625*",57.27 kmpl,8.15 PS
TVS,TVS Star City Plus,"Rs.74,990 - 78,140*",83.09 kmpl,8.19 PS
TVS,TVS Scooty Pep Plus,"Rs.63,284 - 66,184*",,5.4 PS
TVS,TVS Scooty Zest,"Rs.71,636 - 73,313*",,7.81 PS
Hero,Hero Splendor Plus,"Rs.72,076 - 76,346*",,8.02 PS
Hero,Hero HF Deluxe,"Rs.59,990 - 67,138*",,8.02 PS
Hero,Hero XPulse 200,Rs.1.38 - 1.52 Lakh*,51.59 kmpl,19.17 PS
Hero,Hero Passion Pro,"Rs.74,408 - 80,858*",68.21 kmpl,9.15 PS
Hero,Hero Glamour,"Rs.78,018 - 84,638*",,10.84 PS
Hero,Advertisement,Advertisement,,
Hero,Advertisement,Advertisement,,
Hero,Hero Super Splendor,"Rs.77,918 - 83,248*",,10.8 PS
Hero,Hero Xtreme 160R,Rs.1.19 - 1.30 Lakh*,55.47 kmpl,15.2 PS
Hero,Hero Maestro Edge 125,"Rs.77,896 - 86,766*",65 kmpl,9.1 PS
Hero,Hero Pleasure Plus,"Rs.68,368 - 77,268*",,8.1 PS
Hero,Hero Glamour Xtec,"Rs.85,918 - 90,518*",,10.84 PS
Hero,Hero XPulse 200T,Rs.1.24 - 1.26 Lakh*,,19.1 PS
Hero,Hero HF 100,"Rs.56,968*",,8.02 PS
Hero,Hero Destini 125,"Rs.71,108 - 82,908*",,9.10 PS
Hero,Hero Xtreme 200S,Rs.1.35 Lakh*,,18.08 PS
Hero,Hero Maestro Edge 110,"Rs.68,698 - 73,498*",,8.15 PS
Honda,Honda Activa 6G,"Rs.73,086 - 76,587*",,7.79 PS
Honda,Honda SP 125,"Rs.83,522 - 87,522*",,10.8 PS
Honda,Honda Shine,"Rs.78,414 - 83,914*",,10.74 PS
Honda,Honda Unicorn,Rs.1.05 Lakh*,,12.91 PS
Honda,Honda Dio,"Rs.68,352 - 74,353*",55 kmpl,7.76 PS
Honda,Advertisement,Advertisement,,
Honda,Advertisement,Advertisement,,
Honda,Honda H'ness CB350,Rs.2 - 2.08 Lakh*,45.8 kmpl,21.07 PS
Honda,Honda Hornet 2.0,Rs.1.36 Lakh*,57.35 kmpl,17.26 PS
Honda,Honda Activa 125,"Rs.77,062 - 84,235*",60 kmpl,8.29 PS
Honda,Honda Livo,"Rs.75,002 - 79,002*",,8.79 PS
Honda,Honda XBlade,Rs.1.21 Lakh*,,13.8 PS
Honda,Honda CB300F,Rs.2.26 - 2.29 Lakh*,,24.4 PS
Honda,Honda CD 110 Dream,"Rs.70,315*",,8.79 PS
Honda,Honda CBR650R,Rs.8.89 Lakh*,,87.01 PS
Honda,Honda Grazia,"Rs.82,248 - 89,573*",,8.25 PS
Honda,Honda CB350RS,Rs.2.05 - 2.06 Lakh*,,21.07 PS
Honda,Honda CB300R,Rs.2.77 Lakh*,,31.13 PS
Honda,Honda CB200X,Rs.1.49 Lakh*,,17.2 PS
Honda,Honda Gold Wing,Rs.39.16 Lakh*,,126.4 PS
Honda,Honda CB650R,Rs.8.67 Lakh*,20.4 kmpl,87.01 PS
Honda,Honda CRF1100L Africa Twin,Rs.15.97 - 17.51 Lakh*,,99.2 PS
Honda,Honda CB500X,Rs.5.80 Lakh*,,47.58 PS
Honda,Honda CBR1000RR-R,Rs.23.11 - 23.63 Lakh*,,217.5 PS
Bajaj,Bajaj Pulsar NS200,Rs.1.41 Lakh*,40.84 kmpl,24.5 PS
Bajaj,Bajaj Pulsar 150,Rs.1.04 - 1.14 Lakh*,,14 PS
Bajaj,Bajaj Pulsar 125,"Rs.89,254 - 91,642*",51.46 kmpl,11.8 PS
Bajaj,Bajaj Pulsar RS200,Rs.1.71 Lakh*,,24.5 PS
Bajaj,Bajaj Pulsar N160,Rs.1.23 - 1.30 Lakh*,59.11 kmpl,16 PS
Bajaj,Advertisement,Advertisement,,
Bajaj,Advertisement,Advertisement,,
Bajaj,Bajaj Pulsar NS 125,Rs.1.04 Lakh*,64.75 kmpl,11.99 PS
Bajaj,Bajaj Pulsar NS160,Rs.1.25 Lakh*,40.6 kmpl,17.2 PS
Bajaj,Bajaj Dominar 400,Rs.2.24 Lakh*,,40 PS
Bajaj,Bajaj Platina 110,"Rs.67,341 - 72,224*",,8.6 PS
Bajaj,Bajaj Chetak,Rs.1.52 Lakh*,,
Bajaj,Bajaj Pulsar P150,Rs.1.17 - 1.20 Lakh*,,14.5 PS
Bajaj,Bajaj Platina 100,"Rs.64,653*",,7.9 PS
Bajaj,Bajaj CT 110X,"Rs.59,104 - 67,322*",,8.6 PS
Bajaj,Bajaj Pulsar N250,Rs.1.41 - 1.50 Lakh*,,24.5 PS
Bajaj,Bajaj Dominar 250,Rs.1.75 Lakh*,35.03 kmpl,27 PS
Bajaj,Bajaj Pulsar F250,Rs.1.41 - 1.50 Lakh*,,24.5 PS
Bajaj,Bajaj CT 125X,"Rs.71,354 - 74,554*",59.6 kmpl,10.9 PS
Bajaj,Bajaj Avenger Cruise 220,Rs.1.38 Lakh*,,19.03 PS
Bajaj,Bajaj Avenger Street 160,Rs.1.12 Lakh*,47.2 kmpl,15 PS
Royal Enfield,Royal Enfield Classic 350,Rs.1.90 - 2.21 Lakh*,41.55 kmpl,20.21 PS
Royal Enfield,Royal Enfield Hunter 350,Rs.1.50 - 1.72 Lakh*,36.2 kmpl,20.4 PS
Royal Enfield,Royal Enfield Bullet 350,Rs.1.55 - 1.63 Lakh*,,19.36 PS
Royal Enfield,Royal Enfield Continental GT 650,Rs.3.06 - 3.32 Lakh*,,
Royal Enfield,Royal Enfield Himalayan,Rs.2.16 - 2.24 Lakh*,32.04 kmpl,24.31 PS
Royal Enfield,Advertisement,Advertisement,,
Royal Enfield,Advertisement,Advertisement,,
Royal Enfield,Royal Enfield Meteor 350,Rs.2.01 - 2.19 Lakh*,41.88 kmpl,20.4 PS
Royal Enfield,Royal Enfield Interceptor 650,Rs.2.89 - 3.32 Lakh*,31.95 kmpl,47.65 PS
Royal Enfield,Royal Enfield Scram 411,Rs.2.03 - 2.09 Lakh*,38.23 kmpl,24.31 PS
Yamaha,Yamaha MT 15 V2,Rs.1.65 - 1.66 Lakh*,56.87 kmpl,18.4 PS
Yamaha,Yamaha R15S,Rs.1.62 Lakh*,,18.6 PS
Yamaha,Yamaha R15 V4,Rs.1.79 - 1.92 Lakh*,55.20 kmpl,18.4 PS
Yamaha,Yamaha FZ-FI V3,Rs.1.14 Lakh*,,12.4 PS
Yamaha,Yamaha FZS-FI V3,Rs.1.21 - 1.24 Lakh*,49.31 kmpl,12.4 PS
Yamaha,Advertisement,Advertisement,,
Yamaha,Advertisement,Advertisement,,
Yamaha,Yamaha Aerox 155,Rs.1.41 - 1.43 Lakh*,48.62 kmpl,15 PS
Yamaha,Yamaha RayZR 125,"Rs.80,730 - 90,530*",71.33 kmpl,8.2 PS
Yamaha,Yamaha FZ-X,Rs.1.34 Lakh*,,12.4 PS
Yamaha,Yamaha Fascino 125,"Rs.76,600 - 88,230*",68.75 kmpl,8.2 PS
Yamaha,Yamaha FZ 25,Rs.1.48 Lakh*,50.33 kmpl,20.8 PS
Yamaha,Yamaha FZS 25,Rs.1.52 Lakh*,,20.8 PS
Suzuki,Suzuki Hayabusa,Rs.16.41 Lakh*,,190 PS
Suzuki,Suzuki Access 125,"Rs.77,600 - 87,200*",52.45 kmpl,8.7 PS
Suzuki,Suzuki Burgman Street,"Rs.89,900 - 1.12 Lakh*",55.89 kmpl,8.6 PS
Suzuki,Suzuki Gixxer,Rs.1.35 Lakh*,,13.6 PS
Suzuki,Suzuki Gixxer SF,Rs.1.37 Lakh*,,13.6 PS
Suzuki,Advertisement,Advertisement,,
Suzuki,Advertisement,Advertisement,,
Suzuki,Suzuki Avenis,"Rs.87,500 - 89,300*",,8.7 PS
Suzuki,Suzuki Gixxer SF 250,Rs.1.92 - 1.93 Lakh*,,26.5 PS
Suzuki,Suzuki V-Strom SX,Rs.2.12 Lakh*,,26.5 PS
Suzuki,Suzuki V-Strom 650XT,Rs.8.88 Lakh*,,
Suzuki,Suzuki Gixxer 250,Rs.1.81 Lakh*,,26.5 PS
Suzuki,Suzuki Katana,Rs.13.61 Lakh*,,
KTM,KTM 200 Duke,Rs.1.92 Lakh*,,25.83 PS
KTM,KTM 390 Duke,Rs.2.96 Lakh*,,43.5 PS
KTM,KTM 125 Duke,Rs.1.78 Lakh*,46.92 kmpl,14.5 PS
KTM,KTM 250 Duke,Rs.2.37 Lakh*,41 kmpl,30 PS
KTM,2022 KTM RC 390,Rs.3.16 Lakh*,25.89 kmpl,43.5 PS
KTM,Advertisement,Advertisement,,
KTM,Advertisement,Advertisement,,
KTM,KTM 390 Adventure,Rs.3.37 Lakh*,,43.5 PS
KTM,KTM RC 200,Rs.2.15 Lakh*,,25 PS
KTM,KTM 250 Adventure,Rs.2.44 Lakh*,38.12 kmpl,30 PS
KTM,KTM RC 125,Rs.1.89 Lakh*,,14.5 PS
Jawa,Jawa 42 Bobber,Rs.2.09 Lakh*,30.56 kmpl,30.64 PS
Jawa,Jawa Forty Two,Rs.1.67 - 1.81 Lakh*,,27.33 PS
Jawa,Jawa Perak,Rs.2.09 Lakh*,34.05 kmpl,30. 64 PS
Jawa,Jawa,Rs.1.80 - 1.96 Lakh*,,27.33 PS
Jawa,Jawa 42 2.1,Rs.1.94 Lakh*,,27. 33  PS
Mahindra,Mahindra Mojo 300 BS6,Rs.2.08 - 2.11 Lakh*,,25.72 PS
Harley-Davidson,Harley Davidson Iron 883,Rs.11.99 Lakh*,20.8 kmpl,51.6 PS
Harley-Davidson,Harley Davidson Forty Eight,Rs.13.49 Lakh*,19.2 kmpl,66.6 PS
Harley-Davidson,Harley Davidson Fat Boy 114,Rs.21.99 Lakh*,18.1 kmpl,95.1 PS
Harley-Davidson,Harley Davidson Sportster S,Rs.16.51 Lakh*,19.6 kmpl,122.3 PS
Harley-Davidson,Harley Davidson Street Glide Special,Rs.33.99 Lakh*,16.3 kmpl,93.8 PS
Harley-Davidson,Advertisement,Advertisement,,
Harley-Davidson,Advertisement,Advertisement,,
Harley-Davidson,Harley Davidson Nightster,Rs.14.99 Lakh*,19.6 kmpl,89.7 PS
Harley-Davidson,Harley Davidson Road King,Rs.28.49 Lakh*,16.6 kmpl,84.2 PS
Harley-Davidson,Harley Davidson Fat Bob,Rs.17.99 Lakh*,18.1 kmpl,93.8 PS
Harley-Davidson,Harley Davidson Heritage Classic,Rs.23.49 Lakh*,18.1 kmpl,95.1 PS
Harley-Davidson,Harley Davidson Road Glide Special,Rs.36.99 Lakh*,16.3 kmpl,93.8 PS
Harley-Davidson,Harley Davidson Pan America 1250,Rs.18.25 - 20.99 Lakh*,18.1 kmpl,152 PS
Ducati,Ducati Panigale V4,Rs.26.49 - 40.99 Lakh*,13.1 kmpl,218.48 PS
Ducati,Ducati Scrambler 800,Rs.8.89 - 11.49 Lakh*,20 kmpl,74.01 PS
Ducati,Ducati Diavel 1260,Rs.20.49 - 23.99 Lakh*,,164.2 PS
Ducati,Ducati DesertX,Rs.17.91 Lakh*,,111.52 PS
Ducati,Ducati Monster,Rs.12.49 - 12.69 Lakh*,,111.4 PS
Ducati,Advertisement,Advertisement,,
Ducati,Advertisement,Advertisement,,
Ducati,Ducati Hypermotard 950,Rs.14.75 - 17.99 Lakh*,,114.2 PS
Ducati,Ducati Streetfighter V2,Rs.17.25 Lakh*,,155.12 PS
Ducati,Ducati Multistrada V2,Rs.15.49 - 17.49 Lakh*,,114.5 PS
Ducati,Ducati Multistrada V4,Rs.20.99 - 31.48 Lakh*,,172.35 PS
Ducati,Ducati SuperSport 950,Rs.14.99 - 17.59 Lakh*,,110.1 PS
Ducati,Ducati Multistrada 950,Rs.15.49 Lakh*,22.86 kmpl,114.5 PS
Ducati,Ducati XDiavel,Rs.20.19 - 23.49 Lakh*,,152.2 PS
Ducati,Ducati Scrambler Desert Sled,Rs.10.89 - 10.99 Lakh*,,72.8 PS
Ducati,Ducati Scrambler 1100,Rs.11.95 - 15.29 Lakh*,,85.65 PS
Ducati,Ducati Panigale V2,Rs.19.49 - 22.49 Lakh*,,157.15 PS
Ducati,Ducati Streetfighter V4,Rs.22.15 - 34.99 Lakh*,,208 PS
Kawasaki,Kawasaki Ninja H2,Rs.79.90 Lakh*,,310 PS
Kawasaki,Kawasaki Ninja ZX-10R,Rs.15.99 Lakh*,,203 PS
Kawasaki,Kawasaki Ninja 300,Rs.3.40 Lakh*,,39 PS
Kawasaki,Kawasaki Z900,Rs.8.93 Lakh*,,125 PS
Kawasaki,Kawasaki Ninja 400,Rs.4.99 Lakh*,24.18 kmpl,45 PS
Kawasaki,Advertisement,Advertisement,,
Kawasaki,Advertisement,Advertisement,,
Kawasaki,Kawasaki W175,Rs.1.47 - 1.49 Lakh*,,13 PS
Kawasaki,Kawasaki Ninja 1000SX,Rs.11.98 Lakh*,,142 PS
Kawasaki,Kawasaki Ninja 650,Rs.7.12 Lakh*,,68 PS
Kawasaki,Kawasaki Vulcan S,Rs.6.40 Lakh*,20.58 kmpl,61 PS
Kawasaki,Kawasaki Z650,Rs.6.43 Lakh*,19.02 kmpl,68 PS
Kawasaki,Kawasaki W800 Street,Rs.7.33 Lakh*,,52 PS
Kawasaki,Kawasaki Z H2,Rs.22.79 - 26.95 Lakh*,,200 PS
Kawasaki,Kawasaki Versys 1000,Rs.12.19 Lakh*,,120 PS
Kawasaki,Kawasaki KLX 450R,Rs.8.99 Lakh*,,
Kawasaki,Kawasaki Z650RS,Rs.6.92 - 6.99 Lakh*,,68 PS
Kawasaki,Kawasaki KX 450 2022,Rs.8.59 Lakh*,,
Kawasaki,Kawasaki Versys 650,Rs.7.36 Lakh*,,66 PS
Kawasaki,Kawasaki KLX 110,Rs.2.100 Lakh*,,7.3 PS
Kawasaki,Kawasaki KX 100,Rs.4.88 Lakh*,,
Kawasaki,Kawasaki KX 250 2022,Rs.7.99 Lakh*,,
Kawasaki,Kawasaki KLX 140,Rs.4.07 Lakh*,,
Benelli,Benelli TRK 502,Rs.5.49 - 6.19 Lakh*,30.16 kmpl,47.5 PS
Benelli,Benelli Imperiale 400,Rs.2.25 - 2.30 Lakh*,33.49 kmpl,21 PS
Benelli,Benelli TRK 251,Rs.2.95 Lakh*,31.81 kmpl,25.8 PS
Benelli,Benelli 502 C,Rs.5.59 - 5.69 Lakh*,26.52 kmpl,47.5 PS
Benelli,Benelli Leoncino 500,Rs.5.35 - 5.45 Lakh*,,47.5 PS
Triumph,Triumph Street Triple,Rs.9.15 - 11.70 Lakh*,,123 PS
Triumph,Triumph Trident 660,Rs.7.45 Lakh*,17.47 kmpl,81 PS
Triumph,Triumph Rocket 3,Rs.19.90 - 21.40 Lakh*,,167 PS
Triumph,Triumph Tiger 900,Rs.13.70 - 15.50 Lakh*,,95.2 PS
Triumph,Triumph Tiger Sport 660,Rs.8.95 Lakh*,,81 PS
Triumph,Advertisement,Advertisement,,
Triumph,Advertisement,Advertisement,,
Triumph,Triumph Bonneville T120,Rs.11.09 - 11.89 Lakh*,21.27 kmpl,80 PS
Triumph,Triumph Tiger 850 Sport,Rs.11.95 Lakh*,,85 PS
Triumph,Triumph Speed Twin 900,Rs.8.49 - 8.84 Lakh*,,65 PS
Triumph,Triumph Bonneville T100,Rs.9.69 - 10.04 Lakh*,,65 PS
Triumph,Triumph Bonneville Speedmaster,Rs.12.05 - 12.85 Lakh*,,78 PS
Triumph,Triumph Speed Triple 1200,Rs.17.95 Lakh*,,180 PS
Triumph,Triumph Tiger 1200,Rs.19.19 - 21.69 Lakh*,,150 PS
Triumph,Triumph Scrambler 900,Rs.9.59 - 9.94 Lakh*,,7.6 PS
Triumph,Triumph Bonneville Bobber,Rs.12.05 - 12.85 Lakh*,,78 PS
Triumph,Triumph Speed Twin,Rs.11.09 Lakh*,,100 PS
Indian,Indian Challenger,Rs.36.97 - 37.84 Lakh*,,122.5 PS
Indian,Indian Scout,Rs.17.52 - 18.33 Lakh*,,127.8 PS
Indian,Indian Pursuit,Rs.42.03 - 47.37 Lakh*,,
Indian,Indian Super Chief Limited,Rs.24.33 - 24.35 Lakh*,,
Indian,Indian Chieftain Dark Horse,Rs.31.100 Lakh*,,
Indian,Advertisement,Advertisement,,
Indian,Advertisement,Advertisement,,
Indian,Indian Scout Bobber,Rs.16.88 - 17.37 Lakh*,,
Indian,Indian Chief Bobber Dark Horse,Rs.22.82 - 22.86 Lakh*,,
Indian,Indian Springfield,Rs.32.73 - 33.05 Lakh*,,
Indian,Indian Roadmaster,Rs.43.49 - 46.77 Lakh*,,
Indian,Indian Chief Dark Horse,Rs.22.13 - 22.25 Lakh*,,
Indian,Indian Springfield Dark Horse,Rs.29.56 - 30.29 Lakh*,,
Indian,Indian Scout Rogue,Rs.17.28 - 17.41 Lakh*,,95.1 PS
Indian,Indian FTR,Rs.19.38 - 22.03 Lakh*,,124.7 PS
Indian,Indian Chieftain Limited,Rs.34.26 - 34.40 Lakh*,,
Indian,Indian Chieftain Elite,Rs.38 Lakh*,,
BMW,BMW S 1000 RR,Rs.20.25 - 24.45 Lakh*,,212.91 PS
BMW,BMW G 310 R,Rs.2.75 Lakh*,32.46 kmpl,34 PS
BMW,BMW G 310 RR,Rs.2.90 - 2.99 Lakh*,30.3 kmpl,33.99 PS
BMW,BMW R 1250 GS,Rs.20.55 - 22.50 Lakh*,15 kmpl,136 PS
BMW,BMW G 310 GS,Rs.3.15 Lakh*,29.26 kmpl,34 PS
BMW,Advertisement,Advertisement,,
BMW,Advertisement,Advertisement,,
BMW,BMW K 1600 GTL,Rs.32 Lakh*,,160.4 PS
BMW,BMW R 1250 GS Adventure,Rs.21.30 - 22.50 Lakh*,14 kmpl,136 PS
BMW,BMW M 1000 RR,Rs.42 - 45 Lakh*,,212.1 PS
BMW,BMW C 400 GT,Rs.10.40 Lakh*,,34 PS
BMW,BMW R nineT,Rs.18.50 Lakh*,,108.77 PS
BMW,BMW F 850 GS,Rs.12.50 Lakh*,,95.17 PS
BMW,BMW R 18,Rs.19.90 - 24 Lakh*,,91.09 PS
BMW,BMW F 850 GS Adventure,Rs.13.25 Lakh*,,95.17 PS
BMW,BMW K 1600 Grand America,Rs.33 Lakh*,,160.4 PS
BMW,BMW K 1600 Bagger,Rs.29.90 Lakh*,,160.4 PS
BMW,BMW S 1000 XR,Rs.21.30 - 21.60 Lakh*,,165 PS
BMW,BMW F 900 XR,Rs.12.30 Lakh*,,104.6 PS
BMW,BMW R 1250 R,Rs.16.25 Lakh*,,135.96 PS
BMW,BMW S 1000 R,Rs.18.30 - 22.50 Lakh*,,165 PS
BMW,BMW F 900 R,Rs.10.80 - 10.95 Lakh*,,104.6 PS
BMW,BMW R NineT Scrambler,Rs.16.75 Lakh*,,108.77 PS
BMW,BMW R 1250 RT,Rs.23.95 Lakh*,21 kmpl,135.9 PS
Aprilia,Aprilia SR 160,Rs.1.30 - 1.40 Lakh*,44 kmpl,11.01 PS
Aprilia,Aprilia Tuono V4,Rs.20.66 Lakh*,,175 PS
Aprilia,Aprilia RSV4,Rs.23.69 Lakh*,,216 PS
Aprilia,Aprilia SXR 160,Rs.1.43 Lakh*,47 kmpl,10.9 PS
Aprilia,Aprilia RS 660,Rs.13.39 Lakh*,,100 PS
Aprilia,Advertisement,Advertisement,,
Aprilia,Advertisement,Advertisement,,
Aprilia,Aprilia SXR 125,Rs.1.32 Lakh*,,9.52 PS
Aprilia, Aprilia Tuono 660,Rs.13.09 Lakh*,,95 PS
Aprilia,Aprilia SR 125,Rs.1.21 Lakh*,,9.92 PS
Revolt,Revolt RV400,Rs.1.25 Lakh*,,
Ultraviolette,Ultraviolette F77,Rs.3.80 - 5.50 Lakh*,,
PURE EV,PURE EV eTryst 350,Rs.1.55 Lakh*,,
PURE EV,PURE EV ETrance+,"Rs.76,999*",,
PURE EV,PURE EV ETrance Neo,"Rs.87,999*",,
PURE EV,PURE EV Epluto,"Rs.80,999*",,
PURE EV,PURE EV Epluto 7G,"Rs.92,999*",,
Komaki,Komaki Flora,"Rs.78,999*",,
Komaki,Komaki LY,"Rs.95,866*",,
Komaki,Komaki XGT CAT 2.0,"Rs.96,207 - 1.02 Lakh*",,
Komaki,Komaki XGT X4,Rs.1.02 - 1.24 Lakh*,,
Komaki,Komaki XGT Classic,Rs.1.11 Lakh*,,
Komaki,Advertisement,Advertisement,,
Komaki,Advertisement,Advertisement,,
Komaki,Komaki XGT VP,"Rs.65,000 - 84,681*",,
Komaki,Komaki X2 Vogue,"Rs.47,000 - 62,311*",,
Komaki,Komaki XGT KM,"Rs.42,500 - 93,045*",,
Komaki,Komaki DT 3000,Rs.1.21 Lakh*,,
Komaki,Komaki XGT X One,"Rs.47,617 - 78,920*",,
Komaki,Komaki XGT X5,"Rs.72,500 - 90,500*",,
Komaki,Komaki TN-95,"Rs.98,000 - 1.31 Lakh*",,
Komaki,Komaki Ranger,Rs.1.68 Lakh*,,
Komaki,Komaki SE,"Rs.96,000 - 1.30 Lakh*",,
Komaki,Komaki MX3,"Rs.95,000*",,
Komaki,Komaki Venice,"Rs.79,000 - 1.35 Lakh*",,
Komaki,Komaki XGT X3,"Rs.95,000*",,
Joy e-bike,Joy e-bike Gen Next Nanu Plus,Rs.1.12 Lakh*,,
Joy e-bike,Joy e-bike Beast,Rs.2.42 Lakh*,,
Joy e-bike,Joy e-bike Wolf Plus,Rs.1.16 Lakh*,,
Joy e-bike,Joy e-bike Hurricane,Rs.2.33 Lakh*,,
Joy e-bike,Joy e-bike Thunderbolt,Rs.2.33 Lakh*,,
Joy e-bike,Advertisement,Advertisement,,
Joy e-bike,Advertisement,Advertisement,,
Joy e-bike,Joy e-bike Monster,Rs.1.10 Lakh*,,
Joy e-bike,Joy e-bike Glob,"Rs.77,400*",,
Joy e-bike,Joy e-bike Wolf,"Rs.79,900*",,
Joy e-bike,Joy e-bike Gen Nxt Nanu E-scooter,"Rs.77,400*",,
Moto Guzzi,Moto Guzzi V85 TT,Rs.15.40 Lakh*,,76 PS
Keeway,Keeway V302C,Rs.3.89 - 4.09 Lakh*,,29.9 PS
Keeway,Keeway SR125,Rs.1.19 Lakh*,,9.83 PS
Keeway,Keeway K300 R,Rs.2.99 - 3.20 Lakh*,,27.88 PS
Keeway,Keeway K-Light 250V,Rs.2.89 - 3.09 Lakh*,,18.9 PS
Keeway,Keeway K300 N,Rs.2.65 - 2.85 Lakh*,,27.88 PS
Keeway,Advertisement,Advertisement,,
Keeway,Advertisement,Advertisement,,
Keeway,Keeway Vieste 300 ,Rs.2.99 - 3.20 Lakh*,21.56 kmpl,18.9 PS
Keeway,Keeway Sixties 300i,Rs.2.99 - 3.20 Lakh*,27.73 kmpl,18.9 PS
Atumobile,Atumobile AtumVader,"Rs.99,999*",,
Atumobile,Atumobile Atum Version 1.0,"Rs.74,999*",,
Hop Electric,Hop Oxo,Rs.1.25 - 1.40 Lakh*,,
Hop Electric,Hop Electric LEO,"Rs.81,999 - 95,999*",,
Hop Electric,Hop Electric LYF,"Rs.74,999 - 89,999*",,
Yezdi,Yezdi Roadster,Rs.2.01 - 2.09 Lakh*,28.53 kmpl,29.7 PS
Yezdi,Yezdi Scrambler,Rs.2.08 - 2.14 Lakh*,32.04 kmpl,29.1 PS
Yezdi,Yezdi Adventure,Rs.2.13 - 2.15 Lakh*,33.07 kmpl,30.2 PS
Birla e-bike,Birla A 1-4,Rs.1.60 - 2.28 Lakh*,,
Birla e-bike,Birla Electro,"Rs.76,109 - 1.10 Lakh*",,
Birla e-bike,Birla Quanto,"Rs.69,182 - 1.01 Lakh*",,
Birla e-bike,Birla Spark,"Rs.69,182 - 1.01 Lakh*",,
Birla e-bike,Birla Ambition,"Rs.73,817 - 1.08 Lakh*",,
Birla e-bike,Advertisement,Advertisement,,
Birla e-bike,Advertisement,Advertisement,,
Birla e-bike,Birla E-Smart,"Rs.71,780 - 1.04 Lakh*",,
Birla e-bike,Birla XL,Rs.1.52 Lakh*,,
Birla e-bike,Birla V6,Rs.1.60 - 2.28 Lakh*,,
Birla e-bike,Birla JF,Rs.1.63 - 2.31 Lakh*,,
Birla e-bike,Birla DMS,Rs.1.63 - 2.31 Lakh*,,
Birla e-bike,Birla DMG,Rs.2.37 - 3.05 Lakh*,,
CFMoto,CFMoto 650GT,Rs.5.59 Lakh*,,62.54 PS
CFMoto,CFMoto 300NK,Rs.2.29 Lakh*,,33.99 PS
CFMoto,CFMoto 650NK,Rs.4.29 Lakh*,,61.18 PS
CFMoto,CFMoto 650MT,Rs.5.29 Lakh*,,70.70 PS
Tunwal,Tunwal T 133,Rs.1 Lakh*,,
Tunwal,Tunwal TZ 3.3,Rs.1.15 Lakh*,,
Tunwal,Tunwal TEM G33,"Rs.92,000*",,
Tunwal,Tunwal Lithino Li,"Rs.74,990*",,
Tunwal,Tunwal Elektrika 60,"Rs.65,040*",,
Tunwal,Advertisement,Advertisement,,
Tunwal,Advertisement,Advertisement,,
Tunwal,Tunwal Sport 63 Mid,"Rs.71,990*",,
Tunwal,Tunwal Sport 63 Mini,"Rs.49,990*",,
Tunwal,Tunwal Roma S,"Rs.95,000*",,
Tunwal,Tunwal Storm ZX,"Rs.90,000*",,
Tunwal,Tunwal Storm ZX Advance 2,Rs.1.35 Lakh*,,
Tunwal,Tunwal Lithino 2.0,"Rs.71,990*",,
Tunwal,Tunwal Mini Lithino,"Rs.54,990*",,
Tunwal,Tunwal Sports 63 Alpha 48V,"Rs.54,943*",,
Tunwal,Tunwal Storm ZX Advance 1,Rs.1.15 Lakh*,,
Cyborg,Cyborg Yoda,Rs.1.85 Lakh*,,
Cyborg,Cyborg  Bob-e,"Rs.94,999*",,
Tork,Tork Kratos,Rs.1.22 - 1.37 Lakh*,,
Earth Energy EV,Earth Energy EV Evolve R,Rs.1.42 Lakh*,,
Earth Energy EV,Earth Energy EV Evolve Z,Rs.1.30 Lakh*,,
Earth Energy EV,Earth Energy EV Glyde Plus,"Rs.95,000*",,
Husqvarna Motorcycles,Husqvarna Vitpilen 250,Rs.2.19 Lakh*,,30 PS
Husqvarna Motorcycles,Husqvarna Svartpilen 250,Rs.2.20 Lakh*,,30 PS
Srivaru Motors,Srivaru Motors Prana,Rs.2.25 - 3 Lakh*,,
Rowwet,Rowwet Zepop,"Rs.61,770 - 78,500*",,
Rowwet,Rowwet Rame,Rs.1.15 Lakh*,,
Rowwet,Rowwet Eleq,Rs.1.16 Lakh*,,
Rowwet,Rowwet Vegatron,Rs.1.25 Lakh*,,
Rowwet,Rowwet Trono,Rs.1.81 Lakh*,,
QJ Motor,QJ Motor SRV 300,Rs.3.49 - 3.59 Lakh*,,30.72 PS
QJ Motor,QJ Motor SRK 400,Rs.3.59 - 3.69 Lakh*,,41.46 PS
QJ Motor,QJ Motor SRC 500,Rs.2.69 - 2.79 Lakh*,,25.85 PS
QJ Motor,QJ Motor SRC 250,Rs.1.99 - 2.10 Lakh*,,17.64 PS
Kabira Mobility,Kabira Mobility KM 4000,Rs.1.37 Lakh*,,
Kabira Mobility,Kabira Mobility KM 3000,Rs.1.23 Lakh*,,
Kabira Mobility,Kabira Hermes 75,"Rs.89,600*",,
Kabira Mobility,Kabira Mobility Intercity Neo,"Rs.67,490*",,
Kabira Mobility,Kabira Mobility Kollegio Neo,"Rs.55,790*",,
Kabira Mobility,Advertisement,Advertisement,,
Kabira Mobility,Advertisement,Advertisement,,
Kabira Mobility,Kabira Mobility Intercity Aeolus,"Rs.71,490*",,
Kabira Mobility,Kabira Mobility Kollegio Plus,"Rs.65,490*",,
Kabira Mobility,Kabira Mobility Kollegio,"Rs.45,990*",,
Kabira Mobility,Kabira Mobility Aetos 100,"Rs.65,490*",,
One Electric Motorcycles,One Electric Motorcycles Kridn,Rs.1.35 Lakh*,,
Odysse Electric,Odysse Electric Evoqis,Rs.1.71 Lakh*,,
Odysse Electric,Odysse Electric V2,"Rs.77,250 - 1 Lakh*",,
Odysse Electric,Odysse Electric E2Go,"Rs.59,750 - 71,100*",,
Odysse Electric,Odysse Electric Racer,"Rs.85,000*",,
Odysse Electric,Odysse Electric Hawk,"Rs.99,400 - 1.18 Lakh*",,
Oben,Oben Rorr,Rs.1.03 Lakh*,,
Moto Morini,Moto Morini SEIEMMEZZO 6 Â½,Rs.6.89 - 7.10 Lakh*,,55.7 PS
Moto Morini,Moto Morini X-Cape,Rs.7.20 - 7.50 Lakh*,,60.8 PS
Zontes,Zontes 350R,Rs.3.15 - 3.25 Lakh*,,38.52 PS
Zontes,Zontes GK350,Rs.3.37 - 3.47 Lakh*,31.25 kmpl,38.52 PS
Zontes,Zontes 350T,Rs.3.37 - 3.67 Lakh*,,39.3 PS
Zontes,Zontes 350X,Rs.3.35 - 3.45 Lakh*,,38.52 PS
